Shoulder_q1,Elbow_q2
22.918311805232932,-22.918311805232932
22.985933560708705,-23.06024673512084
23.415923474468034,-23.962775630334217
24.457980613563464,-26.15000525689566
26.252180064390316,-29.915946727451985
28.843589463441003,-35.355194921724355
32.196885528059305,-42.39360790695833
36.210970587194694,-50.81898635837406
40.73358911215658,-60.31175297961628
45.575944247368675,-70.47563192320452
50.527314341123216,-80.8683282109831
55.36966947633531,-91.03220715457132
59.89228800129721,-100.52497377581356
63.90637306043258,-108.95035222722929
67.25966912505089,-115.98876521246333
69.85107852410161,-121.42801340673576
71.64527797492838,-125.19395487729197
72.68733511402382,-127.38118450385353
73.11732502778318,-128.28371339906687
73.18494678325894,-128.4256483289549
73.18494723991435,-128.4256477177275
73.18494723991435,-128.4256477177275
72.87395594251197,-127.91613549514645
72.56357188818203,-127.40510270808993
72.25375617264048,-126.89254020026387
71.94447078119671,-126.37843815383489
71.94447077221646,-126.37843815100737
71.28930764227675,-126.67307930887824
70.62410653238484,-126.95754893369268
69.9490507067026,-127.23174026147929
69.26433581504673,-127.49554744481269
68.57016964594429,-127.74886603113738
67.86677200119524,-127.99159325172374
67.154374516123,-128.22362831378024
66.43322042425048,-128.44487269452787
65.7035642655448,-128.6552304359519
64.9656715378151,-128.8546084388598
64.21981829131613,-129.04291675479902
63.46629066710629,-129.22006887432093
62.70538438022303,-129.38598201002566
61.93740414926224,-129.54057737278032
61.16266307448089,-129.6837804394803
60.38148196706866,-129.81552121071243
59.5941886327495,-129.93573445668886
58.80111711337056,-130.0443599498458
58.00260689060414,-130.14134268254637
57.199002056316814,-130.22663306838928
56.39065045454974,-130.30018712570873
55.577902800384855,-130.36196664194756
54.76111178125165,-130.41193931770437
53.940631146438974,-130.45007888938778
53.116814790723886,-130.47636522955676
52.29001583810012,-130.4907844241867
51.46058573159323,-130.49332882627036
50.62887333507485,-130.48399708534166
49.795224052845505,-130.46279415269476
48.9599789725425,-130.42973126225726
48.12347403665086,-130.38482588726626
47.28603924755562,-130.32810167308034
46.44799791068191,-130.2595883466427
45.60966591982854,-130.17932160328445
44.77135108832262,-130.08734297172157
43.933352529113144,-129.98369965825145
43.09596008639009,-129.86844437129363
42.25945382077218,-129.74163512754407
41.42410354955701,-129.60333504111742
41.42410319236115,-129.6033349661779
40.370474188743096,-129.41222588580501
39.31960145745144,-129.20302126399753
38.27195484914958,-128.9758799991219
37.22797368022332,-128.7309709287097
36.18806716640174,-128.468472122502
35.15261416518781,-128.18856996172477
35.15261314801635,-128.1885696925485
34.19694691655329,-128.2760974452375
33.23478581374968,-128.34640863275513
32.26671381358984,-128.399453383079
32.266713590601356,-128.39945325598623
31.293316491428797,-128.4351937435934
30.315178999675396,-128.4536040379977
29.332883957258037,-128.45467100711076
29.33288360368107,-128.4546708894678
29.252397716663292,-128.91194185474907
29.1667821133903,-129.36799364999138
29.075939588056592,-129.82283157907932
28.97977008049051,-130.27646044207387
28.878170584288988,-130.72888457897938
28.878170597932908,-130.72888451975652
28.69381070143393,-131.49081735837586
28.693810817847805,-131.49081685565184
30.033209269735774,-131.9897273488813
31.387154131623948,-132.461611313355
32.7552489193538,-132.90588973775866
32.75524510645927,-132.90588872968837
32.87836262076985,-132.26678999305983
32.87836266884368,-132.26678976431697
32.997380296055525,-131.58666751114984
33.104814933268614,-130.90436340269775
33.10481498749577,-130.90436314164054
34.962501756190825,-130.86582996820047
34.96249677073828,-130.86582878343162
36.796303054348165,-130.76596748568676
36.796299253177416,-130.76596628016907
37.95284960031211,-131.04328851845455
39.11507038764705,-131.29950764730066
40.28238642644909,-131.53438030276598
41.45417320290433,-131.74767773563553
41.4541716361576,-131.74767742680493
42.31754959393629,-131.89051534607745
43.182696991269495,-132.02151410466607
44.04931944069597,-132.1406012686733
44.91710965304831,-132.24771011827787
45.78574840254035,-132.34277999228357
46.65490511160178,-132.42575652465143
47.52423850580271,-132.49659185901984
48.39339733656824,-132.5552448395263
49.262021168622184,-132.60168117640248
50.12974122835024,-132.63587358499808
50.996181308548024,-132.65780189708943
51.86095872433627,-132.66745314354748
52.72368531439073,-132.66482160767302
53.58396848106728,-132.64990884875024
54.4414122625092,-132.62272369561927
55.29561842941498,-132.58328221032215
56.146187598831204,-132.5316076221292
56.992720357118976,-132.4677302325001
57.834818384131296,-132.39168729177288
58.67208557063231,-132.30352284860254
59.504129121087615,-132.20328757338058
60.33056063415791,-132.091038557062
61.15099715352579,-131.9668390869982
61.96506218207803,-131.83075840152387
62.77238665293743,-131.68287142517136
63.572609851386325,-131.52325848648658
64.36538028233109,-131.35200502049335
65.15035647861617,-131.1692012579023
65.92720774619029,-130.974941903182
66.69561484284966,-130.76932580360895
67.45527058801281,-130.5524556113868
68.20588040171569,-130.32443744087928
68.94716277173464,-130.08538052293392
69.67884964844299,-129.83539685819002
70.40068676767314,-129.57460087116468
71.11243390248212,-129.30310906679884
71.81386504529614,-129.02103969102208
72.50476852243831,-128.72851239676436
73.18494704351072,-128.42564791670685
73.18494723991435,-128.4256477177275
73.18494723991435,-128.4256477177275
73.18494723991435,-128.4256477177275
73.15334594463835,-128.41509272343438
72.95240117272577,-128.34797614159044
72.46542246128412,-128.18532276060597
71.62694930673963,-127.9052684373941
70.41592050359462,-127.50077862157036
68.8488434831851,-126.9773668796523
66.97296365243827,-126.35081341925918
64.85943373262998,-125.64488361331149
62.596483098142336,-124.8890465242307
60.282587115221155,-124.11619342813879
58.019636480733524,-123.36035633905799
55.906106560925224,-122.6544265331103
54.0302267301784,-122.02787307271718
52.463149709768864,-121.50446133079912
51.252120906623844,-121.09997151497538
50.41364775207937,-120.81991719176352
49.92666904063773,-120.65726381077906
49.72572426872515,-120.59014722893508
49.69412297344914,-120.57959223464198
49.69412297280214,-120.579592234347
49.69412297280214,-120.579592234347
49.83698199442465,-121.07787486746267
49.97798874837213,-121.57512399113061
50.11712103003683,-122.071360856778
50.254355563554974,-122.56660653774873
50.389667964827574,-123.06088194842057
50.389667967985076,-123.06088194106795
49.57992381378628,-124.01020462819747
49.579925922181936,-124.01020079684935
48.725664599361615,-124.93360995418969
48.72566688438372,-124.93360606914898
47.40442609361036,-124.8741002322791
46.07799412686138,-124.78173897420746
46.07799255632375,-124.78173845530388
43.96196776460087,-124.5675849466738
43.96195681564013,-124.5675814753105
42.61559520130059,-123.69651171568512
42.61559133094083,-123.69650989461121
41.2934085310096,-122.79941829847176
41.29340494238441,-122.79941654449732
41.208741728740335,-122.19203813038816
41.11967745600178,-121.58305020340929
41.11967746696879,-121.5830501622182
41.03364353513738,-121.01953800871875
40.94399312744346,-120.45459469014544
40.85078561704008,-119.888190740067
40.850785624630866,-119.88819071295237
41.5289187562252,-119.66369904694197
42.19842603531019,-119.42730927998308
42.8590890695275,-119.17910069649783
42.85908914586176,-119.17910054180705
43.51069848346767,-118.91915452540796
44.15305408897199,-118.6475538118518
44.785965065770576,-118.36438315062682
44.785965160638376,-118.36438297692062
45.66969378043684,-118.42880211849715
46.54994512245598,-118.47688719120448
47.42633315880772,-118.50861609916227
48.298466524269315,-118.52397410245156
48.29846625296647,-118.52397395166943
49.088970311540216,-118.52370854021298
49.08897014023241,-118.52370843676164
49.24307560779338,-119.03942694669273
49.395316140562585,-119.55396457031785
49.545672143913336,-120.06734514177862
49.69412296952128,-120.57959224155147
49.69412297280214,-120.579592234347
49.69412297280214,-120.579592234347
49.69412297280214,-120.579592234347
49.69435649812755,-120.57397182845907
49.69584142755339,-120.53823306619161
49.69944007314887,-120.45162212214036
49.70563617095282,-120.3024966064443
49.714585357777715,-120.0871107067134
49.726165648013776,-119.80840032995607
49.74002791043297,-119.47476824450676
49.755646344993124,-119.09886922195348
49.77236895964188,-118.69639517906535
49.78946804712087,-118.28486031972022
49.80619066176963,-117.88238627683208
49.82180909632978,-117.50648725427881
49.835671358748975,-117.1728551688295
49.847251648985036,-116.89414479207217
49.856200835809936,-116.67875889234125
49.86239693361388,-116.52963337664521
49.86599557920936,-116.44302243259396
49.867480508635204,-116.40728367032654
49.86771403396061,-116.40166326443857
49.86771403341803,-116.40166326417251
49.86771403341803,-116.40166326417251
49.17032461562086,-116.42516346462372
48.46915675797204,-116.43743290372711
47.76442485104373,-116.43846807412976
47.056342465059394,-116.42826867314389
46.3451220379363,-116.4068376818027
45.63097449241434,-116.3741813546309
44.91410886007332,-116.33030919819778
44.194731913880865,-116.2752339385592
43.47304781083319,-116.20897147774848
42.74925774615795,-116.13154083953032
42.023559620444395,-116.04296410468042
41.29614772095318,-115.94326633610282
40.56721241823627,-115.83247549414065
39.83693987906906,-115.71062234247727
39.105511796563704,-115.57774034506146
38.37310513819545,-115.43386555452402
37.639891912335244,-115.27903649257938
37.639891714295025,-115.27903639829556
37.73079745803149,-115.79730126870467
37.81892951504386,-116.31414387230532
37.904254209028814,-116.82958761993864
37.98673645878427,-117.34365550262059
37.98673646336107,-117.3436554850801
39.11830614624456,-117.57691137198776
40.248477048516484,-117.7848447679697
41.37660403301495,-117.96731399150946
41.376602951124134,-117.96731353617183
40.42832960042772,-118.15752493570429
39.468223055287844,-118.32536671636787
39.468223003705155,-118.32536635279732
39.0613081787834,-118.75323688462883
38.644885043216554,-119.17407450046154
38.64488514117993,-119.17407432178724
38.21894820722767,-119.58781593789092
37.78349731644158,-119.99439583096448
37.7834974195058,-119.99439565410371
37.870201790079925,-120.74050822445881
37.94986753128401,-121.48394961002049
37.94986755558483,-121.48394950308189
37.99649605177339,-121.95228137066893
38.04020722839627,-122.4195879964884
38.08095657620823,-122.88588481511843
38.11869806015453,-123.35118703210553
38.11869806435434,-123.35118701274395
38.844220008274704,-123.87093762900916
39.57519529371037,-124.38273582304286
40.31173622505386,-124.88647724036908
40.31173587571871,-124.88647706633678
41.05384188637638,-125.38089845666974
41.80171532613449,-125.86704090601475
42.55545626456826,-126.34478753892064
42.55545587662081,-126.34478735738323
43.75891840998838,-126.51215460735922
44.96197981857813,-126.65402834872697
46.163764212639194,-126.77026899722011
46.163762910812025,-126.77026866711492
47.212969534534324,-126.85082051852388
48.25987352025715,-126.91161780811744
49.303831451467516,-126.95261357983631
50.34418597308807,-126.97377589403179
50.34418541362575,-126.97377572902438
50.937473938426315,-126.51661027550733
51.51611831843522,-126.0496718705792
52.0801201239636,-125.57310397166091
52.080120402801455,-125.57310357851031
52.62916200749983,-125.08587465740358
53.16357185726182,-124.58928688490188
53.68339144875501,-124.08347149850877
53.68339170137879,-124.08347109955874
53.53915947837251,-123.6228384484578
53.39349571154554,-123.16138341383378
53.24641601006671,-122.69908929713267
53.09793525523865,-122.23593928744197
52.948067619268684,-121.77191645687067
52.79682658526027,-121.30700375172391
52.79682658738117,-121.30700374799527
52.63972771542002,-120.82750448106705
52.481200508602704,-120.34702524029407
52.32125750443751,-119.86554695371771
52.15991054869134,-119.38305036353303
51.99717081045915,-118.89951601988682
51.83304879861557,-118.41492427039485
51.83304880074787,-118.41492426657342
52.17629788954491,-118.38917826661584
52.1762978853849,-118.38917826237989
53.36318311891959,-118.27857414923761
54.53606305554062,-118.1355050777127
54.536062601499346,-118.13550443344268
55.35316969321248,-118.5121689111613
56.17344407875633,-118.87726152008753
56.17344365693997,-118.87726132623865
56.99680713422123,-119.23067567494758
57.82316902911551,-119.57230424694177
57.82316860050595,-119.57230405895325
58.05476806847691,-120.13029610751676
58.28518968096548,-120.68684238474277
58.51443283804033,-121.24197092178996
58.5144328396963,-121.24197091930775
58.9482781403416,-122.29664918279346
58.948278162654795,-122.29664915200526
58.90790270930242,-123.3800633319505
58.907902896044334,-123.38006241129658
58.844807518385124,-124.4532746938663
58.84480771645821,-124.45327371732246
58.260247009235236,-125.5177587744285
58.26024846234375,-125.51775523649391
59.414615429222394,-125.32656327157966
60.553974787523394,-125.10779326370626
61.67729226739321,-124.86166439585297
61.67729237434397,-124.86166386237365
61.820985972144655,-124.22718539768724
61.9547690980725,-123.5894171599884
61.95476915107601,-123.58941695606573
61.853131023134345,-122.46610076337285
61.853131179850706,-122.46610010833055
61.74037930862171,-121.33537022635485
61.74037946324461,-121.33536959410928
61.28767128178634,-120.35354373711694
61.28767127857891,-120.35354372001731
61.08280764908622,-119.90941098787121
60.87744237576497,-119.46429365210643
60.671570279036416,-119.01817802080411
60.4651860576029,-118.57105019255816
60.258284286990914,-118.12289605161112
60.05085941785185,-117.67370126216726
60.05085941762509,-117.67370126135988
59.354285712966565,-117.48958495093865
58.65805930111868,-117.29622942280295
57.96229816851651,-117.09368088692051
57.26711505307991,-116.88198676665726
57.26711486862408,-116.88198668584764
56.57401924938234,-116.66091031232826
55.881718832561745,-116.4308276707962
55.19031009154097,-116.19178917180038
54.49988416071991,-115.9438459113225
54.49988397209022,-115.94384582387774
53.74357296812338,-116.0560853787634
52.980564055619354,-116.1539928092627
52.211163474517186,-116.2375325174648
51.43568040765279,-116.30667374110139
50.654426304943335,-116.36139083708417
49.86771415780067,-116.4016633940293
49.86771403341803,-116.40166326417251
49.86771403341803,-116.40166326417251
49.86771403341803,-116.40166326417251
49.8706483844009,-116.3829169351106
49.88930719201663,-116.26371369408366
49.93452579612989,-115.97483113116625
50.0123825581282,-115.47743716274164
50.12483312471881,-114.75903798799403
50.27034469172576,-113.8294260454007
50.44453026788677,-112.71662796922409
50.640782938650204,-111.46285254600414
50.85091012997206,-110.1204386710504
51.06576787211287,-108.74780330493405
51.275895063434724,-107.4053894299803
51.47214773419816,-106.15161400676038
51.646333310359175,-105.03881593058378
51.791844877366124,-104.10920398799041
51.90429544395674,-103.3908048132428
51.98215220595503,-102.8934108448182
52.027370810068305,-102.60452828190081
52.04602961768404,-102.48532504087387
52.0489639686669,-102.46657871181195
52.04894846860764,-102.46656709179308
52.048948468607996,-102.46656709179078
51.4246831425503,-102.6327923258828
50.793090555589316,-102.78529838547196
50.15436678324258,-102.92406182268914
49.50871062244657,-103.04906066099942
49.50871056327386,-103.04906048928186
50.50910302023108,-103.88220370084557
50.509102155358775,-103.88220304768225
51.244500264381195,-104.83948677197587
51.244500017926576,-104.83948659433771
51.98491498789104,-105.78168150643737
51.98491473040987,-105.7816813228933
52.452117594260734,-106.85908965056919
52.452117590333586,-106.85908960444449
52.68685182441384,-107.40139021158708
52.920505207723,-107.94187219397868
53.15308723327014,-108.4805673999453
53.15308723320623,-108.48056739711014
52.833106623157974,-109.42147194800626
52.833106916196776,-109.42147079037284
52.4901297059767,-110.34667529339497
52.49013002254479,-110.34667411678561
51.10435884994381,-110.55478454906861
51.104358057193,-110.5547822868645
50.03409851575566,-110.67714811306512
50.034098149716556,-110.67714738683492
49.20430126226974,-110.15839275878534
49.204300824158864,-110.15839248934236
48.37753014473722,-109.62731004779998
48.377529712858475,-109.62730977730904
47.97934598361417,-109.05537003325826
47.5816618852722,-108.48046063286293
47.18442780715612,-107.90255421750264
47.18442778507946,-107.90255420353522
46.6770297303379,-107.1605221821187
46.67702967172809,-107.16052214442725
46.29080479555081,-106.5804731080591
45.90479823710629,-105.99744721285568
45.51896392226708,-105.41141080031667
45.1332558263971,-104.82232868008178
45.13325580780576,-104.82232866742655
44.334517877832596,-104.33058299189744
43.53732089249502,-103.82644203838811
43.53732054122047,-103.82644178740279
42.74167086182002,-103.30994889813353
41.947565768237034,-102.78114205636184
41.94756542184328,-102.78114180112294
41.2066739415378,-102.74170259017104
40.46102282686783,-102.68705920607341
39.710840008879536,-102.61722159947203
39.710839814270145,-102.61722140095435
38.85024940123875,-102.51907113525502
37.984387583368914,-102.40120608384589
37.1135763073932,-102.26365292698426
37.11357592764315,-102.2636525782926
36.7495804380078,-102.67913893678067
36.37742855609468,-103.08582249034912
35.99716351541617,-103.48368097550741
35.99716354905371,-103.48368082489333
35.61067525523081,-103.87308919770697
35.216195292349326,-104.2536709822058
34.81377539065966,-104.62539900543665
34.81377542521611,-104.6253988626724
34.943292026892486,-105.14334647446158
35.07070222823748,-105.65952795490534
35.19599670742105,-106.17397217001901
35.319165356106886,-106.6867073598519
35.44019727151553,-107.19776116803202
35.440197274106204,-107.19776115795119
35.6852183436746,-108.25623558749946
35.68521839278814,-108.25623539970898
36.26347513896066,-109.47193846764658
36.26347510316204,-109.47193841196219
36.83781233478758,-110.67852345095754
36.837812301429814,-110.678523400703
37.29746061509108,-111.37211099060994
37.757749325022814,-112.06174889619786
37.757749286666396,-112.0617488743945
38.64843025316328,-112.23593649049286
39.53685008124912,-112.39295186473511
40.422687164375795,-112.53273840686057
41.30561001420835,-112.65524475932821
41.305609632020584,-112.65524454173347
40.664603663872214,-111.9982694742271
40.02647500733852,-111.33455030374155
40.026474839392534,-111.33455019380739
39.25075034918034,-110.1055299820479
39.25075003378493,-110.10552980151509
38.48147954241332,-108.86559449416788
38.48147924560177,-108.8655943173081
38.18393862841498,-107.71673220328698
38.18393869679339,-107.71673196500105
37.979627585239065,-106.9450428534923
37.77085065278141,-106.16962446765366
37.77085066506482,-106.16962442200158
38.311531004040354,-105.46213819409647
38.31153127215216,-105.46213720011292
38.82987513598715,-104.73073567547333
38.8298753944991,-104.73073465508438
40.20429468252683,-104.90187117200608
40.204292373312455,-104.90186929029488
41.46408112175819,-105.01726245766666
41.46407955538748,-105.01726110566557
42.33295558153406,-105.67401960250723
42.33295508133599,-105.67401924339987
43.20355692378437,-106.31300228536129
43.2035564175821,-106.31300192835302
43.53026175792061,-106.83344561022844
43.85698950027799,-107.35167457916616
44.18376927262958,-107.86771286078347
44.510630749165436,-108.38158362993602
44.510630740066325,-108.38158362438233
45.01963063046081,-109.14634463566455
45.019630575150785,-109.14634460185692
45.34107566511055,-109.65380386013088
45.66265806108735,-110.15921886969478
45.98440673195014,-110.66260947093163
46.30635078340145,-111.16399476176807
46.30635077454566,-111.1639947567647
47.108324830817125,-111.60499575837854
47.91272236258763,-112.03421952052152
47.912721989273436,-112.03421930496923
48.71885277433628,-112.44972492337942
49.52729231213053,-112.853296601919
49.52729193372447,-112.85329639158294
50.658692666537874,-112.76403413081422
51.776440144924294,-112.64227464502603
51.77643963892481,-112.64227392726444
52.672434169099695,-112.51969430840441
53.55831716232962,-112.37584437578765
54.43359449897212,-112.21078958295865
54.43359438539105,-112.21078924399026
54.71855824425765,-111.68151740793014
54.994139198295315,-111.1456028209351
55.260390180605675,-110.60307173133
55.260390239048796,-110.60307154254129
55.519035992120735,-110.05350415951764
55.7684156952285,-109.49731960023507
56.0085849409369,-108.93453482814978
56.00858499273969,-108.93453464049549
55.78564231821507,-108.4531762721791
55.562004183951316,-107.97036578181066
55.33766116058723,-107.48608105530249
55.1126036050437,-107.00029953399552
54.88682165554796,-106.51299820287802
54.88682165468667,-106.51299820085426
54.32621171245619,-105.30321928245921
54.326211675546595,-105.30321919564061
53.610545041298835,-104.29211742088776
53.610544808211905,-104.29211725782108
52.89864391726039,-103.26564699452058
52.8986436924943,-103.26564683358073
52.048948943150016,-102.46656745561185
52.048948468607946,-102.46656709179078
52.048948468607996,-102.4665670917908
52.048948468607996,-102.4665670917908
52.04118343553543,-102.45362795719785
51.99180752274345,-102.37135122053819
51.87214768706406,-102.17195802996756
51.66611905062252,-101.82864561493915
51.36854647879828,-101.33279047536399
50.983486158185826,-100.6911515707713
50.522547174555626,-99.92307350946874
50.00321309081498,-99.0576897377028
49.44716352496898,-98.13112572881921
48.878595728081336,-97.1837021724231
48.322546162235334,-96.25713816353951
47.80321207849469,-95.39175439177359
47.34227309486449,-94.62367633047103
46.957212774252035,-93.98203742587832
46.659640202427795,-93.48618228630316
46.453611565986265,-93.14286987127477
46.333951730306865,-92.94347668070414
46.28457581751489,-92.86119994404449
46.27681078444232,-92.84826080945153
46.276810784960595,-92.84826079269651
46.276810784960595,-92.84826079269651
46.563373326586,-93.49522434894504
46.848214174173485,-94.13881988233905
47.13136313983781,-94.77912113537576
47.13136313617811,-94.77912112482517
46.77495801079613,-95.26886978752164
46.408743990318044,-95.7470984930714
46.03278600643654,-96.21381303260823
46.032786023936104,-96.21381279184439
45.647151877391344,-96.6690149281282
45.25191247886605,-97.11270195739084
44.847141916625915,-97.54486841736068
44.84714193636642,-97.5448681892788
44.11499019845683,-97.6146093642172
43.37516063982185,-97.66622952223383
42.627923147652645,-97.6997224558756
41.873547224553896,-97.71508389280639
41.87354702519004,-97.71508358538229
41.1123015842837,-97.71231186271481
40.344453588976094,-97.6914067216469
39.5702686841165,-97.65237114761257
38.7900098342477,-97.5952101074831
38.79000958667824,-97.59520979701715
38.06354015365873,-97.17536053008538
37.33695549866096,-96.74398849268462
36.61028171014601,-96.30110115890066
36.61028147720562,-96.30110095771677
35.883084230618266,-95.84532752347842
35.15584044349208,-95.37803578292566
34.42855892527203,-94.8992225206809
34.42855869006545,-94.89922231043403
34.21934531075998,-94.2547207083438
34.007532167307595,-93.60689620600853
33.79310456025312,-92.95567382260714
33.79310455977464,-92.95567380283855
33.5783942682828,-92.30803465687998
33.361092318646776,-91.65691712848582
33.141179930032436,-91.00224128680284
33.14117992848422,-91.00224126597101
33.59931444391183,-90.72781160752943
34.04995591534208,-90.44150300926894
34.49299664510962,-90.1433102998798
34.49299661274842,-90.14331010966033
34.92938763123961,-89.83197777642948
35.35791949947411,-89.50867646669666
35.778489276392456,-89.17339489122395
35.77848924539747,-89.17339468596991
36.50049924494748,-89.22948657864653
37.21608832291427,-89.26777764413073
37.92505160652077,-89.28826871110444
38.627181540540064,-89.29096002582601
38.62718133229513,-89.29095969101712
39.31894924382859,-89.27596664826658
40.00353316641937,-89.24334384743925
40.680723745799234,-89.19309121265793
41.35031049076333,-89.12520806512978
41.35031031509468,-89.12520773174451
42.03224688476218,-89.45094818552158
42.71228283394055,-89.76464832356027
43.3903595484396,-90.0663191147161
43.390359375116674,-90.06631893266588
44.065789276145935,-90.35453273179611
44.739120195698455,-90.6307418686361
45.41028050783989,-90.89495146955727
45.410280342563105,-90.894951296177
45.70091505399588,-91.54959984418102
45.9897475446113,-92.20067629433457
46.276810789435814,-92.84826080486482
46.276810784960595,-92.8482607926965
46.276810784960595,-92.84826079269652
46.276810784960595,-92.84826079269652
46.279504466248646,-92.84747294434739
46.29663291517156,-92.84246321277047
46.338142778334856,-92.83032240111966
46.409613881883125,-92.80941852092037
46.51284147422808,-92.7792264976199
46.64641846877675,-92.74015787613794
46.80631768665958,-92.69339052641702
46.986474099458555,-92.64069834897303
47.179367071935346,-92.58428098044568
47.37660260475943,-92.52659349914897
47.569495577236225,-92.47017613062162
47.7496519900352,-92.41748395317764
47.90955120791802,-92.37071660345671
48.04312820246669,-92.33164798197475
48.14635579481165,-92.30145595867428
48.21782689835992,-92.28055207847498
48.259336761523215,-92.26841126682419
48.27646521044613,-92.26340153524727
48.27915889173418,-92.26261368689813
48.27914667216604,-92.26258210264702
48.2791466721635,-92.26258210264294
48.034521514243124,-91.73513638840531
47.78880575152539,-91.20533056016146
47.54197997403516,-90.67312101375748
47.294024221811824,-90.13846293217507
47.044917966123386,-89.60131024315727
46.79464008690748,-89.06161556861797
46.79464008339029,-89.06161556105947
46.24259392475052,-88.8216845409198
45.689106365428366,-88.57361032272571
45.134210910688346,-88.31738592895276
44.57793904509344,-88.05300325878204
44.020320274298975,-87.78045309428404
44.020320191325,-87.78045300169987
43.46179626610782,-87.49865163784379
42.90198989405871,-87.20868302197198
42.34092410035836,-86.91053407426995
41.778619713452876,-86.60419014646763
41.21509541342086,-86.28963501644066
41.21509532586569,-86.28963491708957
40.70748956089999,-86.36654293789233
40.19486446887156,-86.43236788646438
39.6773190603592,-86.48711240137037
39.1549520457296,-86.53077850050107
38.62786180775647,-86.56336775680454
38.09614630699345,-86.58488132306488
37.55990298469996,-86.59531995038031
37.55990290623985,-86.59531980909725
37.02111793225844,-86.59470541582449
36.47802777568498,-86.58309323610636
35.930726807950045,-86.56048300956687
35.379308410340556,-86.52687395141857
34.8238649481471,-86.48226487914572
34.26448766665059,-86.42665419371039
33.701266586563094,-86.36003985458689
33.701266493453296,-86.3600397124632
33.38849911697119,-86.68214200920039
33.07001656557734,-86.99594554767323
32.745872787831956,-87.30146738172812
32.416122360337255,-87.59872280096123
32.08082053505846,-87.88772554101872
32.080820520198856,-87.88772544195791
31.74068697476701,-88.16781411680235
31.395137942718915,-88.43970746280579
31.04423051685819,-88.7034151625596
30.6880225325455,-88.95894562756497
30.32657259480401,-89.20630617954103
30.32657257928211,-89.20630608904719
30.5008408064832,-89.74598659247297
30.673245705015727,-90.28313791383019
30.843798733163826,-90.81780726244158
31.01251058655958,-91.35004054210918
31.17939121750231,-91.87988241164709
31.344449852119116,-92.4073763325822
31.344449852000874,-92.40737632368646
31.508344356247612,-92.93466079372273
31.670418756273577,-93.45966282821696
31.830680273520958,-93.98242304692248
31.989135450203733,-94.50298101610167
32.145790161612865,-95.02137529574678
32.300649627377055,-95.5376434760077
32.3006496278893,-95.53764346793784
32.91276593087228,-96.01209950030001
33.525288963919074,-96.47877423625374
34.13823995612292,-96.9376779569258
34.75163740274892,-97.38881816293498
35.36549716557754,-97.83219979674313
35.36549704826644,-97.83219969849806
35.980611857937426,-98.26719245693157
36.5962076009082,-98.69440446775126
37.21229183444295,-99.11383363793782
37.82886926648406,-99.52547567043052
38.44594184926004,-99.92932426945133
38.44594172904878,-99.92932417416229
39.077095561413756,-99.99682463128583
39.70490110707252,-100.05318946115509
40.32922626402892,-100.09841302131144
40.9499374097787,-100.13249065392745
41.566899692048025,-100.15541882448566
42.17997721191533,-100.1671951429433
42.78903320855127,-100.16781837799581
42.78903312516597,-100.16781827069863
43.39603535940952,-100.1572321480141
43.99871007042977,-100.13541584414999
44.596917657484845,-100.10237175890788
45.19051831592724,-100.0581033456727
45.77937230854906,-100.002615199397
46.36334015015174,-99.93591302877942
46.94228278925029,-99.85800362149432
46.9422827312587,-99.85800350905282
47.253225218562086,-99.44657873835712
47.55705019974492,-99.02746283571183
47.85373065554567,-98.60066092244966
48.14324113811528,-98.1661759321244
48.425557653365985,-97.72400862500241
48.42555766819564,-97.72400849683717
48.70116969248374,-97.27312404475224
48.969512721714736,-96.81451960691133
49.23056637721418,-96.34818883267698
49.48431132920731,-95.87412259580765
49.73072916692815,-95.3923090016358
49.73072917761059,-95.39230886429122
49.49133587955531,-94.87615996336221
49.25095047223057,-94.35787341243831
49.00955624190256,-93.8374115282229
48.76713602735022,-93.31473564510148
48.52367220561161,-92.78980608291437
48.27914667486773,-92.2625821084747
48.2791466721635,-92.26258210264295
48.2791466721635,-92.26258210264295
48.2791466721635,-92.26258210264295
48.25607947341072,-92.2292956984135
48.109400897372765,-92.01763573804601
47.75393335634049,-91.50468935092438
47.14189430111122,-90.62150541450784
46.257910215854544,-89.34589965458763
45.11403061297807,-87.6952597455436
43.74474202799331,-85.7193504106008
42.20198201438144,-83.49311852208614
40.5501531384591,-81.10949820168499
38.86113697424424,-78.67221592069777
37.209308098321905,-76.28859560029662
35.66654808471004,-74.06236371178196
34.297259499725286,-72.08645437683919
33.153379896848804,-70.43581446779513
32.269395811592105,-69.1602087078749
31.657356756362855,-68.27702477145839
31.301889215330583,-67.76407838433673
31.15521063929263,-67.55241842396927
31.13214344053985,-67.5191320197398
31.132143439172975,-67.5191320172363
31.132143439172975,-67.5191320172363
30.694098853793616,-67.55263751780608
30.25133985105369,-67.57526734605845
29.80392574428201,-67.58702702187077
29.351914420772566,-67.5879193075262
28.89536239506157,-67.57794441248612
28.434324767040515,-67.55709999411748
27.96885517652854,-67.52538114955335
27.49900575436582,-67.48278039865164
27.024827070072174,-67.42928765798023
26.546368076095728,-67.3648902057192
26.063676048656774,-67.28957263732997
25.576796525171194,-67.2033168118014
25.08577323821644,-67.1061017882401
24.590648045979947,-66.99790375252667
24.091460859104917,-66.87869593371174
23.588249563823727,-66.74844850977513
23.08104994123917,-66.6071285023153
22.569895582585776,-66.45469965967763
22.56989546624605,-66.45469944392674
22.874185770311602,-67.24778512408955
23.174218925824984,-68.03271846415606
23.470114101661885,-68.80978242106903
23.761983407744058,-69.57924448355278
23.76198337331547,-69.57924439495089
24.274733208709605,-69.72707515177626
24.783779847604226,-69.8642569058762
25.289085358788782,-69.99081873979557
25.790609783682097,-70.10678696309444
26.288311312620646,-70.21218538267662
26.78214635772706,-70.30703538782016
27.272069623074067,-70.39135602651709
27.75803417221998,-70.46516407341977
28.239991493171505,-70.5284740896553
28.717891560810617,-70.58129847473325
29.191682896804185,-70.62364751074037
29.661312626998605,-70.65552939898498
30.126726536285144,-70.67695028922412
30.587869120907516,-70.68791430157943
31.044683638167378,-70.68842354121969
31.497112153471388,-70.67847810586298
31.945095584648662,-70.65807608612505
32.38857374345512,-70.62721355871487
32.38857366342572,-70.62721339427476
33.012220302423174,-70.5651965071736
33.626425151191796,-70.4819285299196
34.231003985200815,-70.37737714436624
34.231003665647684,-70.3773764569369
35.56519579233437,-71.20577314014446
35.565192566378876,-71.20576820422596
36.888316213296804,-71.97630691421848
36.88831308362779,-71.97630215294777
37.33704898036868,-72.9735373599198
37.78037688118367,-73.95923466512599
37.78037680224571,-73.9592344888078
38.13248724190943,-74.74247614295372
38.48134538087712,-75.51881002500161
38.82704634126807,-76.28845218183419
38.82704631548782,-76.28845212380438
38.57947759274938,-77.09596634767213
38.31579030522585,-77.88146988740861
38.315790134590515,-77.88146900328853
38.03811084417973,-78.64495907217282
37.74479031669829,-79.38721212784714
37.744790171532784,-79.38721131364588
37.07163047024594,-79.47762976939195
36.3888293316145,-79.54634479657986
35.696616565595896,-79.59337158902854
35.696616257876904,-79.59337096842391
35.22035170153244,-79.61297537111739
34.73990543362979,-79.6225449739357
34.25534747823515,-79.62208083091681
33.7667470255725,-79.6115828973817
33.27417243878937,-79.59105016184277
32.77769119297794,-79.56048064068541
32.277369812762714,-79.51987136775506
31.77327380856631,-79.46921837883032
31.265467611657765,-79.4085166909511
30.754014508078562,-79.33776027656052
30.23897657153191,-79.25694203240859
29.72041459531159,-79.16605374315392
29.198388023334715,-79.06508603958721
28.67295488033288,-78.95402835138765
28.14417170124214,-78.83286885430874
27.612093459821157,-78.70159441167581
27.076773496511922,-78.5601905100598
27.076773405255853,-78.56019036662538
27.3242221897032,-79.25156869906645
27.568682265450413,-79.9379648567485
27.81020180599597,-80.61950986325624
28.048826407221096,-81.29632945318802
28.04882639917503,-81.29632942203969
28.576396023908487,-81.43253465266925
29.10103861585513,-81.5592964448741
29.622701098358483,-81.67662490543142
30.14132889068166,-81.78452906628654
30.65686605030831,-81.8830170501196
31.16925533625155,-81.97209611745811
31.678438272125454,-82.05177270944954
32.184355208937305,-82.12205248636523
32.68694538754877,-82.18294036189558
33.18614700074479,-82.23444053329
33.68189725484046,-82.27655650738679
34.17413243074818,-82.30929112257068
34.66278794441914,-82.33264656669004
35.147798406566615,-82.34662439095871
35.62909768157199,-82.35122551986154
36.106618945467595,-82.34645025707793
36.58029474288603,-82.33229828743075
37.05005704285938,-82.30876867486342
37.51583729334786,-82.27585985644306
37.97756647437306,-82.2335696323803
38.43517514962716,-82.18189515205337
38.888593516425935,-82.12083289601604
39.337751453870915,-82.05037865396478
39.7825785690833,-81.97052749863289
40.22300424136938,-81.88127375557373
40.65895766417637,-81.78261096878796
41.09036788469435,-81.67453186214111
41.517163840959796,-81.55702829651057
41.93927439631377,-81.43009122259222
42.35662837106693,-81.29371062928593
42.76915457122179,-81.1478754875698
42.76915452547264,-81.14787537044721
42.45720418341421,-80.47077407611417
42.14306563771358,-79.7889232184879
41.82668251775677,-79.10219633769263
41.507996052472464,-78.41046164527748
41.50799603603792,-78.41046160958196
41.02256854801058,-78.58646178554983
40.53013090082858,-78.74860476343018
40.03080369841714,-78.89691568138683
39.524707053370975,-79.03141675432812
39.524706945548544,-79.0314164972884
39.88838061796197,-78.37607179837488
40.236700768932806,-77.69879563200324
40.23670056822693,-77.69879473232268
40.16760892112327,-76.14113693298319
40.16760816502899,-76.1411331414042
40.11991952776995,-75.34424252646747
40.06408928947995,-74.53657812395062
40.06408923304165,-74.53657786773769
39.63740635628833,-73.61467665233747
39.206170265305666,-72.68276501451089
39.20617019087972,-72.68276485370141
38.84738475277237,-71.90728370866285
38.4852833882169,-71.12450500113292
38.11975503786208,-70.33418094400345
37.75068249342784,-69.53605003041035
37.75068244620703,-69.53604992813555
37.091148223852116,-69.16361774983521
36.427519902293604,-68.77634667601177
35.75978792948552,-68.37410313224066
35.759787680010774,-68.37410271950544
35.08711670493817,-67.95492635711601
34.410301130990064,-67.52045442601138
33.72930944460117,-67.07051906457434
33.7293091713958,-67.07051860811386
33.22516710705884,-67.19361889750395
32.71325559022927,-67.29999397099387
32.19370002797128,-67.38968370657165
31.66662284643032,-67.46272101250389
31.13214365247298,-67.51913247317164
31.132143439172975,-67.5191320172363
31.132143439172975,-67.5191320172363
